{"cameraMode":{"drawMode":0,"name":"Shaded","section":"Shading Mode"},"sceneLighting":false,"audioPlay":false,"sceneViewState":{"showFog":true,"showMaterialUpdate":false,"showSkybox":false,"showFlares":true,"showImageEffects":true,"showParticleSystems":true,"showVisualEffectGraphs":true,"m_FxEnabled":true},"in2DMode":false,"pivot":{"x":184.5255126953125,"y":266.35009765625,"z":4.411651611328125},"rotation":{"x":-0.015305548906326294,"y":-0.021898850798606874,"z":0.00033499233541078866,"w":-0.9996458888053894},"size":67.97958374023438,"orthographic":false}