{"cameraMode":{"drawMode":0,"name":"Shaded","section":"Shading Mode"},"sceneLighting":false,"audioPlay":false,"sceneViewState":{"showFog":true,"showMaterialUpdate":false,"showSkybox":true,"showFlares":true,"showImageEffects":true,"showParticleSystems":true,"showVisualEffectGraphs":true,"m_FxEnabled":true},"in2DMode":false,"pivot":{"x":177.0282745361328,"y":150.19271850585938,"z":-406.52490234375},"rotation":{"x":0.056950606405735019,"y":-0.025456000119447709,"z":0.0014526196755468846,"w":0.9980494976043701},"size":0.8660253882408142,"orthographic":false}