{"cameraMode":{"drawMode":0,"name":"Shaded","section":"Shading Mode"},"sceneLighting":false,"audioPlay":false,"sceneViewState":{"showFog":true,"showMaterialUpdate":false,"showSkybox":true,"showFlares":true,"showImageEffects":true,"showParticleSystems":true,"showVisualEffectGraphs":true,"m_FxEnabled":true},"in2DMode":false,"pivot":{"x":261.7423095703125,"y":297.9750061035156,"z":-210.05044555664063},"rotation":{"x":-0.015305548906326294,"y":-0.021898850798606874,"z":0.00033499233541078866,"w":-0.9996458888053894},"size":23.97345542907715,"orthographic":false}