{"cameraMode":{"drawMode":0,"name":"Shaded","section":"Shading Mode"},"sceneLighting":false,"audioPlay":false,"sceneViewState":{"showFog":true,"showMaterialUpdate":false,"showSkybox":true,"showFlares":true,"showImageEffects":true,"showParticleSystems":true,"showVisualEffectGraphs":true,"m_FxEnabled":true},"in2DMode":false,"pivot":{"x":176.96246337890626,"y":150.59072875976563,"z":-404.241943359375},"rotation":{"x":-0.021262668073177339,"y":-0.0653415247797966,"z":0.0013929158449172974,"w":-0.997637927532196},"size":1.4388465881347657,"orthographic":false}