{"cameraMode":{"drawMode":0,"name":"Shaded","section":"Shading Mode"},"sceneLighting":false,"audioPlay":false,"sceneViewState":{"showFog":true,"showMaterialUpdate":false,"showSkybox":true,"showFlares":true,"showImageEffects":true,"showParticleSystems":true,"showVisualEffectGraphs":true,"m_FxEnabled":true},"in2DMode":false,"pivot":{"x":258.8650207519531,"y":298.8999938964844,"z":-248.24937438964845},"rotation":{"x":-0.015305548906326294,"y":-0.021898850798606874,"z":0.00033499233541078866,"w":-0.9996458888053894},"size":13.202485084533692,"orthographic":false}