{"cameraMode":{"drawMode":0,"name":"Shaded","section":"Shading Mode"},"sceneLighting":false,"audioPlay":false,"sceneViewState":{"showFog":true,"showMaterialUpdate":false,"showSkybox":false,"showFlares":true,"showImageEffects":true,"showParticleSystems":true,"showVisualEffectGraphs":true,"m_FxEnabled":true},"in2DMode":false,"pivot":{"x":280.422119140625,"y":227.11428833007813,"z":11.827911376953125},"rotation":{"x":-0.08717884868383408,"y":0.02151300758123398,"z":-0.0018829324981197715,"w":-0.9959613084793091},"size":151.18910217285157,"orthographic":false}